1,10, //Line: 286 | Token:  | Op: eAODs,
0,2737.000000,Alive,
1,2679.000000,Alive,
2,2696.000000,Alive,
3,3061.000000,Alive,
4,344.000000,Alive,
5,382.000000,Alive,
6,425.000000,Alive,
7,384.000000,Alive,
8,53.000000,Alive,
9,64.000000,Alive,

0,2, //Line: 286 | Token: -- | Op: eAORs,
0,2966.000000,Alive,
1,96.000000,Dead,

0,2, //Line: 286 | Token: -- | Op: eAORs,
0,2869.000000,Alive,
1,41472.000000,Dead,

0,3, //Line: 325 | Token:  | Op: eAODs,
0,2709.000000,Alive,
1,2794.000000,Alive,
2,96.000000,Dead,

0,3, //Line: 325 | Token: -- | Op: eAORs,
0,2745.000000,Alive,
1,3041.000000,Alive,
2,45961.000000,Dead,

0,4, //Line: 325 | Token: -- | Op: eAORs,
0,2613.000000,Alive,
1,3232.000000,Alive,
2,2776.000000,Alive,
3,94.000000,Dead,

0,4, //Line: 349 | Token:  | Op: eAODs,
0,2761.000000,Alive,
1,2859.000000,Alive,
2,2841.000000,Alive,
3,46347.000000,Dead,

1,10, //Line: 349 | Token: -- | Op: eAORs,
0,2714.000000,Alive,
1,2775.000000,Alive,
2,2761.000000,Alive,
3,2794.000000,Alive,
4,346.000000,Alive,
5,1034.000000,Alive,
6,361.000000,Alive,
7,376.000000,Alive,
8,52.000000,Alive,
9,56.000000,Alive,

0,1, //Line: 349 | Token: -- | Op: eAORs,
0,4.000000,Dead,

0,1, //Line: 384 | Token:  | Op: eAODs,
0,6.000000,Dead,

0,1, //Line: 384 | Token: -- | Op: eAORs,
0,10.000000,Dead,

0,1, //Line: 384 | Token: -- | Op: eAORs,
0,7.000000,Dead,

0,1, //Line: 421 | Token:  | Op: eAODs,
0,16.000000,Dead,

1,10, //Line: 421 | Token: -- | Op: eAORs,
0,2762.000000,Alive,
1,2743.000000,Alive,
2,2761.000000,Alive,
3,2755.000000,Alive,
4,358.000000,Alive,
5,414.000000,Alive,
6,371.000000,Alive,
7,368.000000,Alive,
8,60.000000,Alive,
9,55.000000,Alive,

0,1, //Line: 421 | Token: -- | Op: eAORs,
0,13.000000,Dead,

1,10, //Line: 454 | Token:  | Op: eAODs,
0,2794.000000,Alive,
1,2758.000000,Alive,
2,2680.000000,Alive,
3,2841.000000,Alive,
4,430.000000,Alive,
5,361.000000,Alive,
6,367.000000,Alive,
7,400.000000,Alive,
8,56.000000,Alive,
9,55.000000,Alive,

0,1, //Line: 454 | Token: -- | Op: eAORs,
0,9.000000,Dead,

1,10, //Line: 454 | Token: -- | Op: eAORs,
0,2685.000000,Alive,
1,3000.000000,Alive,
2,3202.000000,Alive,
3,2877.000000,Alive,
4,361.000000,Alive,
5,368.000000,Alive,
6,395.000000,Alive,
7,389.000000,Alive,
8,47.000000,Alive,
9,55.000000,Alive,

0,1, //Line: 495 | Token:  | Op: eAODs,
0,75.000000,Dead,

0,1, //Line: 90 | Token: > | Op: eROR,
0,51.000000,Dead,

0,1, //Line: 90 | Token: >= | Op: eROR,
0,54.000000,Dead,

1,10, //Line: 90 | Token: < | Op: eROR,
0,2718.000000,Alive,
1,2927.000000,Alive,
2,2759.000000,Alive,
3,2972.000000,Alive,
4,359.000000,Alive,
5,349.000000,Alive,
6,392.000000,Alive,
7,406.000000,Alive,
8,45.000000,Alive,
9,45.000000,Alive,

1,10, //Line: 90 | Token: <= | Op: eROR,
0,2735.000000,Alive,
1,2746.000000,Alive,
2,2861.000000,Alive,
3,2820.000000,Alive,
4,423.000000,Alive,
5,372.000000,Alive,
6,370.000000,Alive,
7,378.000000,Alive,
8,190.000000,Alive,
9,45.000000,Alive,

1,10, //Line: 90 | Token: == | Op: eROR,
0,2639.000000,Alive,
1,3312.000000,Alive,
2,2701.000000,Alive,
3,2876.000000,Alive,
4,376.000000,Alive,
5,437.000000,Alive,
6,534.000000,Alive,
7,375.000000,Alive,
8,55.000000,Alive,
9,55.000000,Alive,

0,1, //Line: 101 | Token: - | Op: eAOIu,
0,98.000000,Dead,

1,10, //Line: 101 | Token: - | Op: eAOIu,
0,2691.000000,Alive,
1,2890.000000,Alive,
2,2676.000000,Alive,
3,2815.000000,Alive,
4,381.000000,Alive,
5,359.000000,Alive,
6,380.000000,Alive,
7,378.000000,Alive,
8,45.000000,Alive,
9,55.000000,Alive,

1,10, //Line: 101 | Token: ~ | Op: eLOI,
0,2682.000000,Alive,
1,2774.000000,Alive,
2,2792.000000,Alive,
3,2817.000000,Alive,
4,365.000000,Alive,
5,353.000000,Alive,
6,412.000000,Alive,
7,675.000000,Alive,
8,412.000000,Alive,
9,56.000000,Alive,

1,10, //Line: 101 | Token: ~ | Op: eLOI,
0,2767.000000,Alive,
1,2821.000000,Alive,
2,2746.000000,Alive,
3,2858.000000,Alive,
4,358.000000,Alive,
5,366.000000,Alive,
6,374.000000,Alive,
7,383.000000,Alive,
8,56.000000,Alive,
9,44.000000,Alive,

0,1, //Line: 101 | Token: > | Op: eROR,
0,29.000000,Dead,

0,1, //Line: 101 | Token: >= | Op: eROR,
0,5.000000,Dead,

1,10, //Line: 101 | Token: < | Op: eROR,
0,2730.000000,Alive,
1,2837.000000,Alive,
2,2884.000000,Alive,
3,2858.000000,Alive,
4,402.000000,Alive,
5,373.000000,Alive,
6,348.000000,Alive,
7,423.000000,Alive,
8,61.000000,Alive,
9,56.000000,Alive,

1,10, //Line: 101 | Token: <= | Op: eROR,
0,2693.000000,Alive,
1,2819.000000,Alive,
2,2657.000000,Alive,
3,3338.000000,Alive,
4,370.000000,Alive,
5,362.000000,Alive,
6,361.000000,Alive,
7,390.000000,Alive,
8,55.000000,Alive,
9,45.000000,Alive,

0,1, //Line: 101 | Token: != | Op: eROR,
0,6.000000,Dead,

0,1, //Line: 103 | Token: - | Op: eAOIu,
0,5.000000,Dead,

0,1, //Line: 103 | Token: - | Op: eAOIu,
0,11.000000,Dead,

1,10, //Line: 103 | Token: ~ | Op: eLOI,
0,2750.000000,Alive,
1,2814.000000,Alive,
2,2743.000000,Alive,
3,2836.000000,Alive,
4,362.000000,Alive,
5,359.000000,Alive,
6,363.000000,Alive,
7,366.000000,Alive,
8,56.000000,Alive,
9,67.000000,Alive,

1,10, //Line: 103 | Token: ~ | Op: eLOI,
0,2818.000000,Alive,
1,2720.000000,Alive,
2,2720.000000,Alive,
3,2831.000000,Alive,
4,393.000000,Alive,
5,370.000000,Alive,
6,346.000000,Alive,
7,389.000000,Alive,
8,56.000000,Alive,
9,56.000000,Alive,

0,1, //Line: 103 | Token: >= | Op: eROR,
0,11.000000,Dead,

1,10, //Line: 103 | Token: < | Op: eROR,
0,2714.000000,Alive,
1,3615.000000,Alive,
2,2713.000000,Alive,
3,2850.000000,Alive,
4,387.000000,Alive,
5,373.000000,Alive,
6,397.000000,Alive,
7,442.000000,Alive,
8,49.000000,Alive,
9,56.000000,Alive,

0,1, //Line: 103 | Token: <= | Op: eROR,
0,3.000000,Dead,

1,10, //Line: 103 | Token: == | Op: eROR,
0,2711.000000,Alive,
1,2927.000000,Alive,
2,2796.000000,Alive,
3,2796.000000,Alive,
4,403.000000,Alive,
5,359.000000,Alive,
6,359.000000,Alive,
7,415.000000,Alive,
8,54.000000,Alive,
9,55.000000,Alive,

0,1, //Line: 103 | Token: != | Op: eROR,
0,7.000000,Dead,

0,1, //Line: 134 | Token: - | Op: eAOIu,
0,8.000000,Dead,

0,1, //Line: 134 | Token: - | Op: eAOIu,
0,22.000000,Dead,

0,1, //Line: 134 | Token: ~ | Op: eLOI,
0,5.000000,Dead,

1,10, //Line: 134 | Token: ~ | Op: eLOI,
0,2657.000000,Alive,
1,2933.000000,Alive,
2,2724.000000,Alive,
3,2926.000000,Alive,
4,391.000000,Alive,
5,369.000000,Alive,
6,414.000000,Alive,
7,371.000000,Alive,
8,42.000000,Alive,
9,55.000000,Alive,

1,10, //Line: 134 | Token: * | Op: eAORb,
0,3210.000000,Alive,
1,2742.000000,Alive,
2,2761.000000,Alive,
3,2844.000000,Alive,
4,383.000000,Alive,
5,375.000000,Alive,
6,598.000000,Alive,
7,417.000000,Alive,
8,71.000000,Alive,
9,45.000000,Alive,

0,1, //Line: 134 | Token: - | Op: eAORb,
0,4.000000,Dead,

0,1, //Line: 134 | Token: / | Op: eAORb,
0,4.000000,Dead,

0,1, //Line: 134 | Token: >> | Op: eCOR,
0,7.000000,Dead,

1,10, //Line: 134 | Token: - | Op: eAOIu,
0,2880.000000,Alive,
1,2807.000000,Alive,
2,2865.000000,Alive,
3,2914.000000,Alive,
4,429.000000,Alive,
5,372.000000,Alive,
6,354.000000,Alive,
7,368.000000,Alive,
8,56.000000,Alive,
9,45.000000,Alive,

1,10, //Line: 134 | Token: - | Op: eAOIu,
0,2730.000000,Alive,
1,2824.000000,Alive,
2,2905.000000,Alive,
3,3295.000000,Alive,
4,355.000000,Alive,
5,357.000000,Alive,
6,365.000000,Alive,
7,402.000000,Alive,
8,53.000000,Alive,
9,45.000000,Alive,

0,1, //Line: 134 | Token: ~ | Op: eLOI,
0,11.000000,Dead,

1,10, //Line: 134 | Token: ~ | Op: eLOI,
0,2706.000000,Alive,
1,2789.000000,Alive,
2,2906.000000,Alive,
3,2945.000000,Alive,
4,360.000000,Alive,
5,370.000000,Alive,
6,405.000000,Alive,
7,361.000000,Alive,
8,55.000000,Alive,
9,55.000000,Alive,

1,10, //Line: 134 | Token: + | Op: eAORb,
0,2831.000000,Alive,
1,2723.000000,Alive,
2,2963.000000,Alive,
3,2843.000000,Alive,
4,351.000000,Alive,
5,367.000000,Alive,
6,406.000000,Alive,
7,372.000000,Alive,
8,56.000000,Alive,
9,77.000000,Alive,

0,1, //Line: 134 | Token: - | Op: eAORb,
0,2720.000000,Dead,

0,1, //Line: 134 | Token: / | Op: eAORb,
0,3246.000000,Dead,

0,1, //Line: 142 | Token: - | Op: eAOIu,
0,2760.000000,Dead,

1,10, //Line: 142 | Token: - | Op: eAOIu,
0,2875.000000,Alive,
1,2901.000000,Alive,
2,2893.000000,Alive,
3,3166.000000,Alive,
4,374.000000,Alive,
5,389.000000,Alive,
6,469.000000,Alive,
7,381.000000,Alive,
8,87.000000,Alive,
9,89.000000,Alive,

1,10, //Line: 142 | Token: ~ | Op: eLOI,
0,2871.000000,Alive,
1,3317.000000,Alive,
2,3044.000000,Alive,
3,3156.000000,Alive,
4,416.000000,Alive,
5,386.000000,Alive,
6,386.000000,Alive,
7,419.000000,Alive,
8,59.000000,Alive,
9,56.000000,Alive,

1,10, //Line: 142 | Token: ~ | Op: eLOI,
0,2766.000000,Alive,
1,3824.000000,Alive,
2,2939.000000,Alive,
3,3384.000000,Alive,
4,370.000000,Alive,
5,387.000000,Alive,
6,374.000000,Alive,
7,378.000000,Alive,
8,67.000000,Alive,
9,75.000000,Alive,

1,10, //Line: 142 | Token: > | Op: eROR,
0,3119.000000,Alive,
1,2910.000000,Alive,
2,2955.000000,Alive,
3,2876.000000,Alive,
4,413.000000,Alive,
5,360.000000,Alive,
6,414.000000,Alive,
7,375.000000,Alive,
8,56.000000,Alive,
9,46.000000,Alive,

0,1, //Line: 142 | Token: >= | Op: eROR,
0,2764.000000,Dead,

0,1, //Line: 142 | Token: <= | Op: eROR,
0,3166.000000,Dead,

0,1, //Line: 142 | Token: == | Op: eROR,
0,2962.000000,Dead,

0,1, //Line: 142 | Token: != | Op: eROR,
0,42087.000000,Dead,

0,1, //Line: 149 | Token: - | Op: eAOIu,
0,42094.000000,Dead,

0,1, //Line: 149 | Token: - | Op: eAOIu,
0,42086.000000,Dead,

1,10, //Line: 149 | Token: ~ | Op: eLOI,
0,2821.000000,Alive,
1,3231.000000,Alive,
2,2650.000000,Alive,
3,2854.000000,Alive,
4,493.000000,Alive,
5,946.000000,Alive,
6,495.000000,Alive,
7,360.000000,Alive,
8,74.000000,Alive,
9,44.000000,Alive,

1,10, //Line: 149 | Token: ~ | Op: eLOI,
0,2694.000000,Alive,
1,3396.000000,Alive,
2,2658.000000,Alive,
3,3233.000000,Alive,
4,311.000000,Alive,
5,379.000000,Alive,
6,362.000000,Alive,
7,403.000000,Alive,
8,48.000000,Alive,
9,55.000000,Alive,

1,10, //Line: 149 | Token: > | Op: eROR,
0,2651.000000,Alive,
1,3024.000000,Alive,
2,2730.000000,Alive,
3,2825.000000,Alive,
4,383.000000,Alive,
5,326.000000,Alive,
6,355.000000,Alive,
7,328.000000,Alive,
8,50.000000,Alive,
9,45.000000,Alive,

0,1, //Line: 149 | Token: >= | Op: eROR,
0,68.000000,Dead,

0,1, //Line: 149 | Token: <= | Op: eROR,
0,55.000000,Dead,

1,10, //Line: 149 | Token: == | Op: eROR,
0,2769.000000,Alive,
1,2915.000000,Alive,
2,3587.000000,Alive,
3,2802.000000,Alive,
4,448.000000,Alive,
5,396.000000,Alive,
6,410.000000,Alive,
7,376.000000,Alive,
8,56.000000,Alive,
9,56.000000,Alive,

0,1, //Line: 149 | Token: != | Op: eROR,
0,43.000000,Dead,

1,10, //Line: 164 | Token: > | Op: eROR,
0,2601.000000,Alive,
1,2732.000000,Alive,
2,2727.000000,Alive,
3,3119.000000,Alive,
4,455.000000,Alive,
5,380.000000,Alive,
6,337.000000,Alive,
7,389.000000,Alive,
8,65.000000,Alive,
9,56.000000,Alive,

0,1, //Line: 164 | Token: >= | Op: eROR,
0,10.000000,Dead,

0,1, //Line: 164 | Token: < | Op: eROR,
0,6.000000,Dead,

0,5, //Line: 164 | Token: <= | Op: eROR,
0,2768.000000,Alive,
1,2764.000000,Alive,
2,2695.000000,Alive,
3,2727.000000,Alive,
4,14.000000,Dead,

0,5, //Line: 164 | Token: == | Op: eROR,
0,2643.000000,Alive,
1,2832.000000,Alive,
2,3052.000000,Alive,
3,2712.000000,Alive,
4,14.000000,Dead,

0,1, //Line: 186 | Token: - | Op: eAOIu,
0,4.000000,Dead,

0,1, //Line: 186 | Token: - | Op: eAOIu,
0,4.000000,Dead,

0,1, //Line: 186 | Token: ~ | Op: eLOI,
0,4.000000,Dead,

0,5, //Line: 186 | Token: ~ | Op: eLOI,
0,2876.000000,Alive,
1,2892.000000,Alive,
2,2689.000000,Alive,
3,2798.000000,Alive,
4,14.000000,Dead,

0,5, //Line: 186 | Token: > | Op: eROR,
0,2660.000000,Alive,
1,2764.000000,Alive,
2,2886.000000,Alive,
3,2708.000000,Alive,
4,16.000000,Dead,

0,1, //Line: 186 | Token: >= | Op: eROR,
0,4.000000,Dead,

1,10, //Line: 186 | Token: <= | Op: eROR,
0,2833.000000,Alive,
1,2886.000000,Alive,
2,3335.000000,Alive,
3,2770.000000,Alive,
4,525.000000,Alive,
5,598.000000,Alive,
6,326.000000,Alive,
7,380.000000,Alive,
8,43.000000,Alive,
9,68.000000,Alive,

0,2, //Line: 186 | Token: == | Op: eROR,
0,2578.000000,Alive,
1,3.000000,Dead,

0,2, //Line: 186 | Token: != | Op: eROR,
0,2720.000000,Alive,
1,94.000000,Dead,

1,10, //Line: 193 | Token: - | Op: eAOIu,
0,2734.000000,Alive,
1,2935.000000,Alive,
2,2928.000000,Alive,
3,2819.000000,Alive,
4,351.000000,Alive,
5,305.000000,Alive,
6,391.000000,Alive,
7,311.000000,Alive,
8,45.000000,Alive,
9,281.000000,Alive,

1,10, //Line: 193 | Token: - | Op: eAOIu,
0,2692.000000,Alive,
1,2798.000000,Alive,
2,2690.000000,Alive,
3,3485.000000,Alive,
4,333.000000,Alive,
5,417.000000,Alive,
6,342.000000,Alive,
7,398.000000,Alive,
8,55.000000,Alive,
9,56.000000,Alive,

0,2, //Line: 193 | Token: ~ | Op: eLOI,
0,2660.000000,Alive,
1,2734.000000,Dead,

0,2, //Line: 193 | Token: ~ | Op: eLOI,
0,2728.000000,Alive,
1,2808.000000,Dead,

0,2, //Line: 193 | Token: > | Op: eROR,
0,2797.000000,Alive,
1,3136.000000,Dead,

1,10, //Line: 193 | Token: >= | Op: eROR,
0,2655.000000,Alive,
1,2708.000000,Alive,
2,2666.000000,Alive,
3,2768.000000,Alive,
4,402.000000,Alive,
5,325.000000,Alive,
6,371.000000,Alive,
7,322.000000,Alive,
8,57.000000,Alive,
9,211.000000,Alive,

1,10, //Line: 193 | Token: <= | Op: eROR,
0,2871.000000,Alive,
1,2714.000000,Alive,
2,2728.000000,Alive,
3,2836.000000,Alive,
4,330.000000,Alive,
5,402.000000,Alive,
6,323.000000,Alive,
7,400.000000,Alive,
8,56.000000,Alive,
9,55.000000,Alive,

1,10, //Line: 193 | Token: == | Op: eROR,
0,2604.000000,Alive,
1,2847.000000,Alive,
2,2714.000000,Alive,
3,2900.000000,Alive,
4,383.000000,Alive,
5,335.000000,Alive,
6,387.000000,Alive,
7,320.000000,Alive,
8,47.000000,Alive,
9,44.000000,Alive,

1,10, //Line: 193 | Token: != | Op: eROR,
0,2640.000000,Alive,
1,2750.000000,Alive,
2,2687.000000,Alive,
3,2893.000000,Alive,
4,327.000000,Alive,
5,473.000000,Alive,
6,536.000000,Alive,
7,666.000000,Alive,
8,59.000000,Alive,
9,56.000000,Alive,

0,2, //Line: 261 | Token: > | Op: eROR,
0,2593.000000,Alive,
1,2681.000000,Dead,

0,2, //Line: 261 | Token: >= | Op: eROR,
0,2827.000000,Alive,
1,2948.000000,Dead,

0,2, //Line: 261 | Token: < | Op: eROR,
0,2712.000000,Alive,
1,2709.000000,Dead,

0,2, //Line: 261 | Token: <= | Op: eROR,
0,2762.000000,Alive,
1,41472.000000,Dead,

0,2, //Line: 261 | Token: == | Op: eROR,
0,2704.000000,Alive,
1,51.000000,Dead,

0,2, //Line: 261 | Token: - | Op: eAOIu,
0,2739.000000,Alive,
1,41476.000000,Dead,

1,10, //Line: 261 | Token: - | Op: eAOIu,
0,2927.000000,Alive,
1,3144.000000,Alive,
2,3115.000000,Alive,
3,2891.000000,Alive,
4,351.000000,Alive,
5,355.000000,Alive,
6,372.000000,Alive,
7,376.000000,Alive,
8,42.000000,Alive,
9,45.000000,Alive,

1,10, //Line: 261 | Token: ~ | Op: eLOI,
0,2933.000000,Alive,
1,2978.000000,Alive,
2,3129.000000,Alive,
3,3107.000000,Alive,
4,366.000000,Alive,
5,365.000000,Alive,
6,344.000000,Alive,
7,377.000000,Alive,
8,46.000000,Alive,
9,56.000000,Alive,

1,10, //Line: 261 | Token: ~ | Op: eLOI,
0,2831.000000,Alive,
1,2941.000000,Alive,
2,3635.000000,Alive,
3,3184.000000,Alive,
4,363.000000,Alive,
5,355.000000,Alive,
6,349.000000,Alive,
7,373.000000,Alive,
8,45.000000,Alive,
9,44.000000,Alive,

0,2, //Line: 261 | Token: + | Op: eAORb,
0,2781.000000,Alive,
1,37.000000,Dead,

0,2, //Line: 261 | Token: * | Op: eAORb,
0,3060.000000,Alive,
1,47.000000,Dead,

1,10, //Line: 261 | Token: - | Op: eAORb,
0,2821.000000,Alive,
1,2842.000000,Alive,
2,2941.000000,Alive,
3,3092.000000,Alive,
4,459.000000,Alive,
5,355.000000,Alive,
6,335.000000,Alive,
7,376.000000,Alive,
8,58.000000,Alive,
9,45.000000,Alive,

0,2, //Line: 261 | Token: / | Op: eAORb,
0,2803.000000,Alive,
1,59.000000,Dead,

1,10, //Line: 262 | Token: - | Op: eAOIu,
0,2834.000000,Alive,
1,2930.000000,Alive,
2,3433.000000,Alive,
3,2972.000000,Alive,
4,398.000000,Alive,
5,386.000000,Alive,
6,357.000000,Alive,
7,389.000000,Alive,
8,45.000000,Alive,
9,56.000000,Alive,

0,2, //Line: 262 | Token: - | Op: eAOIu,
0,3025.000000,Alive,
1,3.000000,Dead,

0,2, //Line: 262 | Token: ~ | Op: eLOI,
0,2773.000000,Alive,
1,2.000000,Dead,

1,10, //Line: 262 | Token: ~ | Op: eLOI,
0,2923.000000,Alive,
1,2965.000000,Alive,
2,2849.000000,Alive,
3,2913.000000,Alive,
4,418.000000,Alive,
5,368.000000,Alive,
6,366.000000,Alive,
7,585.000000,Alive,
8,72.000000,Alive,
9,66.000000,Alive,

1,10, //Line: 262 | Token: * | Op: eAORb,
0,2922.000000,Alive,
1,3105.000000,Alive,
2,3716.000000,Alive,
3,2841.000000,Alive,
4,525.000000,Alive,
5,411.000000,Alive,
6,408.000000,Alive,
7,358.000000,Alive,
8,57.000000,Alive,
9,45.000000,Alive,

0,2, //Line: 262 | Token: - | Op: eAORb,
0,2820.000000,Alive,
1,3.000000,Dead,

0,2, //Line: 262 | Token: / | Op: eAORb,
0,2972.000000,Alive,
1,2707.000000,Dead,

0,2, //Line: 262 | Token: - | Op: eAOIu,
0,3020.000000,Alive,
1,2833.000000,Dead,

0,2, //Line: 262 | Token: - | Op: eAOIu,
0,2782.000000,Alive,
1,2905.000000,Dead,

0,2, //Line: 262 | Token: ~ | Op: eLOI,
0,2882.000000,Alive,
1,2798.000000,Dead,

1,10, //Line: 262 | Token: ~ | Op: eLOI,
0,2728.000000,Alive,
1,3583.000000,Alive,
2,3025.000000,Alive,
3,2946.000000,Alive,
4,363.000000,Alive,
5,384.000000,Alive,
6,410.000000,Alive,
7,384.000000,Alive,
8,45.000000,Alive,
9,56.000000,Alive,

0,2, //Line: 262 | Token: + | Op: eAORb,
0,3063.000000,Alive,
1,400.000000,Dead,

0,2, //Line: 262 | Token: * | Op: eAORb,
0,2954.000000,Alive,
1,93.000000,Dead,

0,2, //Line: 262 | Token: - | Op: eAORb,
0,3042.000000,Alive,
1,411.000000,Dead,

0,2, //Line: 265 | Token: - | Op: eAOIu,
0,4932.000000,Alive,
1,6725.000000,Dead,

0,2, //Line: 265 | Token: - | Op: eAOIu,
0,3062.000000,Alive,
1,3093.000000,Dead,

0,2, //Line: 265 | Token: ~ | Op: eLOI,
0,2919.000000,Alive,
1,99.000000,Dead,

0,2, //Line: 265 | Token: ~ | Op: eLOI,
0,3039.000000,Alive,
1,3029.000000,Dead,

0,2, //Line: 265 | Token: + | Op: eAORb,
0,3076.000000,Alive,
1,2998.000000,Dead,

0,2, //Line: 265 | Token: * | Op: eAORb,
0,2901.000000,Alive,
1,118.000000,Dead,

0,2, //Line: 265 | Token: - | Op: eAORb,
0,3940.000000,Alive,
1,3118.000000,Dead,

0,2, //Line: 268 | Token: - | Op: eAOIu,
0,3043.000000,Alive,
1,3040.000000,Dead,

0,2, //Line: 268 | Token: - | Op: eAOIu,
0,3069.000000,Alive,
1,3177.000000,Dead,

0,1, //Line: 268 | Token: ~ | Op: eLOI,
0,5.000000,Dead,

0,2, //Line: 268 | Token: ~ | Op: eLOI,
0,2929.000000,Alive,
1,95.000000,Dead,

0,1, //Line: 268 | Token: > | Op: eROR,
0,3.000000,Dead,

1,10, //Line: 268 | Token: >= | Op: eROR,
0,2919.000000,Alive,
1,3075.000000,Alive,
2,2820.000000,Alive,
3,3233.000000,Alive,
4,369.000000,Alive,
5,413.000000,Alive,
6,455.000000,Alive,
7,364.000000,Alive,
8,45.000000,Alive,
9,45.000000,Alive,

0,3, //Line: 268 | Token: <= | Op: eROR,
0,3628.000000,Alive,
1,2981.000000,Alive,
2,3.000000,Dead,

0,3, //Line: 268 | Token: == | Op: eROR,
0,2984.000000,Alive,
1,3002.000000,Alive,
2,95.000000,Dead,

1,10, //Line: 268 | Token: != | Op: eROR,
0,3014.000000,Alive,
1,3188.000000,Alive,
2,3000.000000,Alive,
3,3019.000000,Alive,
4,371.000000,Alive,
5,423.000000,Alive,
6,410.000000,Alive,
7,467.000000,Alive,
8,62.000000,Alive,
9,56.000000,Alive,

1,10, //Line: 270 | Token: - | Op: eAOIu,
0,2980.000000,Alive,
1,2934.000000,Alive,
2,2965.000000,Alive,
3,3711.000000,Alive,
4,434.000000,Alive,
5,461.000000,Alive,
6,399.000000,Alive,
7,493.000000,Alive,
8,224.000000,Alive,
9,67.000000,Alive,

0,3, //Line: 270 | Token: - | Op: eAOIu,
0,2962.000000,Alive,
1,2988.000000,Alive,
2,3035.000000,Dead,

0,3, //Line: 270 | Token: ~ | Op: eLOI,
0,2885.000000,Alive,
1,3015.000000,Alive,
2,2976.000000,Dead,

0,3, //Line: 270 | Token: ~ | Op: eLOI,
0,2970.000000,Alive,
1,2979.000000,Alive,
2,3219.000000,Dead,

1,10, //Line: 270 | Token: > | Op: eROR,
0,2879.000000,Alive,
1,3583.000000,Alive,
2,2940.000000,Alive,
3,3080.000000,Alive,
4,399.000000,Alive,
5,361.000000,Alive,
6,445.000000,Alive,
7,413.000000,Alive,
8,62.000000,Alive,
9,66.000000,Alive,

1,10, //Line: 270 | Token: >= | Op: eROR,
0,3013.000000,Alive,
1,2941.000000,Alive,
2,3121.000000,Alive,
3,3162.000000,Alive,
4,367.000000,Alive,
5,419.000000,Alive,
6,354.000000,Alive,
7,481.000000,Alive,
8,64.000000,Alive,
9,56.000000,Alive,

1,10, //Line: 270 | Token: <= | Op: eROR,
0,3010.000000,Alive,
1,3185.000000,Alive,
2,2958.000000,Alive,
3,3096.000000,Alive,
4,895.000000,Alive,
5,432.000000,Alive,
6,368.000000,Alive,
7,499.000000,Alive,
8,47.000000,Alive,
9,67.000000,Alive,

1,10, //Line: 270 | Token: == | Op: eROR,
0,2946.000000,Alive,
1,3129.000000,Alive,
2,3182.000000,Alive,
3,3193.000000,Alive,
4,354.000000,Alive,
5,508.000000,Alive,
6,354.000000,Alive,
7,433.000000,Alive,
8,56.000000,Alive,
9,78.000000,Alive,

0,3, //Line: 270 | Token: != | Op: eROR,
0,2916.000000,Alive,
1,2910.000000,Alive,
2,3026.000000,Dead,

0,3, //Line: 276 | Token: - | Op: eAOIu,
0,2825.000000,Alive,
1,3115.000000,Alive,
2,2917.000000,Dead,

0,3, //Line: 276 | Token: - | Op: eAOIu,
0,3603.000000,Alive,
1,3056.000000,Alive,
2,3153.000000,Dead,

0,3, //Line: 276 | Token: ~ | Op: eLOI,
0,3006.000000,Alive,
1,3129.000000,Alive,
2,45957.000000,Dead,

0,3, //Line: 276 | Token: ~ | Op: eLOI,
0,2917.000000,Alive,
1,3035.000000,Alive,
2,78.000000,Dead,

0,3, //Line: 276 | Token: > | Op: eROR,
0,2935.000000,Alive,
1,3252.000000,Alive,
2,45956.000000,Dead,

1,10, //Line: 276 | Token: >= | Op: eROR,
0,2892.000000,Alive,
1,3008.000000,Alive,
2,3463.000000,Alive,
3,3096.000000,Alive,
4,375.000000,Alive,
5,435.000000,Alive,
6,385.000000,Alive,
7,478.000000,Alive,
8,51.000000,Alive,
9,55.000000,Alive,

1,10, //Line: 276 | Token: <= | Op: eROR,
0,3064.000000,Alive,
1,3100.000000,Alive,
2,2923.000000,Alive,
3,3772.000000,Alive,
4,427.000000,Alive,
5,508.000000,Alive,
6,480.000000,Alive,
7,433.000000,Alive,
8,65.000000,Alive,
9,56.000000,Alive,

1,10, //Line: 276 | Token: == | Op: eROR,
0,3049.000000,Alive,
1,3264.000000,Alive,
2,2974.000000,Alive,
3,3147.000000,Alive,
4,389.000000,Alive,
5,412.000000,Alive,
6,364.000000,Alive,
7,375.000000,Alive,
8,60.000000,Alive,
9,56.000000,Alive,

0,3, //Line: 276 | Token: != | Op: eROR,
0,2921.000000,Alive,
1,3426.000000,Alive,
2,84.000000,Dead,

0,3, //Line: 303 | Token: - | Op: eAOIu,
0,2835.000000,Alive,
1,3070.000000,Alive,
2,43.000000,Dead,

1,10, //Line: 303 | Token: - | Op: eAOIu,
0,2971.000000,Alive,
1,4205.000000,Alive,
2,2771.000000,Alive,
3,2940.000000,Alive,
4,375.000000,Alive,
5,430.000000,Alive,
6,359.000000,Alive,
7,367.000000,Alive,
8,55.000000,Alive,
9,55.000000,Alive,

0,3, //Line: 303 | Token: ~ | Op: eLOI,
0,3060.000000,Alive,
1,2988.000000,Alive,
2,106.000000,Dead,

1,10, //Line: 303 | Token: ~ | Op: eLOI,
0,2959.000000,Alive,
1,3104.000000,Alive,
2,2994.000000,Alive,
3,3023.000000,Alive,
4,373.000000,Alive,
5,386.000000,Alive,
6,440.000000,Alive,
7,414.000000,Alive,
8,65.000000,Alive,
9,56.000000,Alive,

0,3, //Line: 303 | Token: + | Op: eAORb,
0,3136.000000,Alive,
1,3115.000000,Alive,
2,3.000000,Dead,

0,3, //Line: 303 | Token: - | Op: eAORb,
0,3390.000000,Alive,
1,3307.000000,Alive,
2,3.000000,Dead,

1,10, //Line: 303 | Token: / | Op: eAORb,
0,2895.000000,Alive,
1,3132.000000,Alive,
2,3049.000000,Alive,
3,3168.000000,Alive,
4,421.000000,Alive,
5,615.000000,Alive,
6,431.000000,Alive,
7,379.000000,Alive,
8,65.000000,Alive,
9,56.000000,Alive,

1,10, //Line: 306 | Token: > | Op: eROR,
0,2850.000000,Alive,
1,3268.000000,Alive,
2,2893.000000,Alive,
3,2941.000000,Alive,
4,412.000000,Alive,
5,417.000000,Alive,
6,445.000000,Alive,
7,411.000000,Alive,
8,54.000000,Alive,
9,56.000000,Alive,

0,3, //Line: 306 | Token: >= | Op: eROR,
0,3747.000000,Alive,
1,3074.000000,Alive,
2,3.000000,Dead,

0,3, //Line: 306 | Token: < | Op: eROR,
0,3067.000000,Alive,
1,3157.000000,Alive,
2,2851.000000,Dead,

0,3, //Line: 306 | Token: <= | Op: eROR,
0,3163.000000,Alive,
1,2953.000000,Alive,
2,2881.000000,Dead,

0,3, //Line: 306 | Token: == | Op: eROR,
0,3226.000000,Alive,
1,3016.000000,Alive,
2,2913.000000,Dead,

0,3, //Line: 306 | Token: - | Op: eAOIu,
0,3762.000000,Alive,
1,2869.000000,Alive,
2,2800.000000,Dead,

1,10, //Line: 306 | Token: - | Op: eAOIu,
0,2707.000000,Alive,
1,2744.000000,Alive,
2,2714.000000,Alive,
3,3120.000000,Alive,
4,425.000000,Alive,
5,488.000000,Alive,
6,388.000000,Alive,
7,432.000000,Alive,
8,43.000000,Alive,
9,45.000000,Alive,

0,3, //Line: 306 | Token: ~ | Op: eLOI,
0,3138.000000,Alive,
1,2966.000000,Alive,
2,2951.000000,Dead,

0,3, //Line: 306 | Token: ~ | Op: eLOI,
0,2968.000000,Alive,
1,3707.000000,Alive,
2,97.000000,Dead,

0,3, //Line: 306 | Token: + | Op: eAORb,
0,2873.000000,Alive,
1,3239.000000,Alive,
2,3008.000000,Dead,

0,3, //Line: 306 | Token: * | Op: eAORb,
0,2909.000000,Alive,
1,3097.000000,Alive,
2,3113.000000,Dead,

0,3, //Line: 306 | Token: - | Op: eAORb,
0,2887.000000,Alive,
1,3087.000000,Alive,
2,3092.000000,Dead,

0,3, //Line: 306 | Token: / | Op: eAORb,
0,3001.000000,Alive,
1,3497.000000,Alive,
2,3253.000000,Dead,

0,3, //Line: 307 | Token: - | Op: eAOIu,
0,3029.000000,Alive,
1,3119.000000,Alive,
2,3153.000000,Dead,

0,3, //Line: 307 | Token: - | Op: eAOIu,
0,2977.000000,Alive,
1,3161.000000,Alive,
2,3154.000000,Dead,

0,3, //Line: 307 | Token: ~ | Op: eLOI,
0,2912.000000,Alive,
1,3123.000000,Alive,
2,3966.000000,Dead,

0,3, //Line: 307 | Token: ~ | Op: eLOI,
0,3315.000000,Alive,
1,3084.000000,Alive,
2,3214.000000,Dead,

0,3, //Line: 307 | Token: * | Op: eAORb,
0,2940.000000,Alive,
1,3181.000000,Alive,
2,3074.000000,Dead,

0,3, //Line: 307 | Token: - | Op: eAORb,
0,2986.000000,Alive,
1,3119.000000,Alive,
2,3042.000000,Dead,

0,3, //Line: 307 | Token: / | Op: eAORb,
0,3128.000000,Alive,
1,3443.000000,Alive,
2,3233.000000,Dead,

0,3, //Line: 307 | Token: - | Op: eAOIu,
0,2862.000000,Alive,
1,3051.000000,Alive,
2,3238.000000,Dead,

0,3, //Line: 307 | Token: - | Op: eAOIu,
0,3092.000000,Alive,
1,2998.000000,Alive,
2,3254.000000,Dead,

0,3, //Line: 307 | Token: ~ | Op: eLOI,
0,3114.000000,Alive,
1,2986.000000,Alive,
2,3698.000000,Dead,

0,3, //Line: 307 | Token: ~ | Op: eLOI,
0,3064.000000,Alive,
1,3089.000000,Alive,
2,3168.000000,Dead,

0,3, //Line: 307 | Token: + | Op: eAORb,
0,3007.000000,Alive,
1,3033.000000,Alive,
2,3122.000000,Dead,

0,1, //Line: 307 | Token: * | Op: eAORb,
0,3.000000,Dead,

0,3, //Line: 307 | Token: - | Op: eAORb,
0,3194.000000,Alive,
1,3058.000000,Alive,
2,94.000000,Dead,

0,1, //Line: 309 | Token: - | Op: eAOIu,
0,3.000000,Dead,

1,10, //Line: 309 | Token: - | Op: eAOIu,
0,3336.000000,Alive,
1,3100.000000,Alive,
2,3549.000000,Alive,
3,3236.000000,Alive,
4,350.000000,Alive,
5,367.000000,Alive,
6,347.000000,Alive,
7,401.000000,Alive,
8,55.000000,Alive,
9,45.000000,Alive,

0,4, //Line: 309 | Token: ~ | Op: eLOI,
0,2882.000000,Alive,
1,3109.000000,Alive,
2,3131.000000,Alive,
3,3.000000,Dead,

0,4, //Line: 309 | Token: ~ | Op: eLOI,
0,2907.000000,Alive,
1,3201.000000,Alive,
2,3437.000000,Alive,
3,95.000000,Dead,

1,10, //Line: 309 | Token: + | Op: eAORb,
0,2922.000000,Alive,
1,3222.000000,Alive,
2,2923.000000,Alive,
3,4254.000000,Alive,
4,610.000000,Alive,
5,429.000000,Alive,
6,412.000000,Alive,
7,396.000000,Alive,
8,62.000000,Alive,
9,56.000000,Alive,

1,10, //Line: 309 | Token: * | Op: eAORb,
0,2833.000000,Alive,
1,3292.000000,Alive,
2,2854.000000,Alive,
3,3291.000000,Alive,
4,393.000000,Alive,
5,390.000000,Alive,
6,378.000000,Alive,
7,402.000000,Alive,
8,44.000000,Alive,
9,56.000000,Alive,

0,4, //Line: 309 | Token: - | Op: eAORb,
0,2994.000000,Alive,
1,3102.000000,Alive,
2,2899.000000,Alive,
3,3300.000000,Dead,

0,4, //Line: 314 | Token: - | Op: eAOIu,
0,3091.000000,Alive,
1,3325.000000,Alive,
2,2814.000000,Alive,
3,3306.000000,Dead,

0,4, //Line: 314 | Token: - | Op: eAOIu,
0,2823.000000,Alive,
1,3398.000000,Alive,
2,3119.000000,Alive,
3,3054.000000,Dead,

1,10, //Line: 314 | Token: ~ | Op: eLOI,
0,3268.000000,Alive,
1,3012.000000,Alive,
2,3099.000000,Alive,
3,3849.000000,Alive,
4,413.000000,Alive,
5,485.000000,Alive,
6,528.000000,Alive,
7,415.000000,Alive,
8,59.000000,Alive,
9,56.000000,Alive,

1,10, //Line: 314 | Token: ~ | Op: eLOI,
0,2862.000000,Alive,
1,3251.000000,Alive,
2,2931.000000,Alive,
3,3381.000000,Alive,
4,408.000000,Alive,
5,409.000000,Alive,
6,379.000000,Alive,
7,442.000000,Alive,
8,86.000000,Alive,
9,135.000000,Alive,

1,10, //Line: 314 | Token: > | Op: eROR,
0,2956.000000,Alive,
1,2849.000000,Alive,
2,2850.000000,Alive,
3,3329.000000,Alive,
4,392.000000,Alive,
5,388.000000,Alive,
6,385.000000,Alive,
7,401.000000,Alive,
8,71.000000,Alive,
9,57.000000,Alive,

1,10, //Line: 314 | Token: >= | Op: eROR,
0,2986.000000,Alive,
1,3969.000000,Alive,
2,2849.000000,Alive,
3,3348.000000,Alive,
4,391.000000,Alive,
5,434.000000,Alive,
6,400.000000,Alive,
7,461.000000,Alive,
8,226.000000,Alive,
9,56.000000,Alive,

0,4, //Line: 314 | Token: <= | Op: eROR,
0,2914.000000,Alive,
1,3236.000000,Alive,
2,2872.000000,Alive,
3,3177.000000,Dead,

0,4, //Line: 314 | Token: == | Op: eROR,
0,2889.000000,Alive,
1,3473.000000,Alive,
2,3071.000000,Alive,
3,3366.000000,Dead,

0,4, //Line: 314 | Token: != | Op: eROR,
0,3568.000000,Alive,
1,3363.000000,Alive,
2,2841.000000,Alive,
3,3360.000000,Dead,

0,4, //Line: 317 | Token: - | Op: eAOIu,
0,2871.000000,Alive,
1,3231.000000,Alive,
2,2851.000000,Alive,
3,46347.000000,Dead,

0,4, //Line: 317 | Token: - | Op: eAOIu,
0,2567.000000,Alive,
1,3171.000000,Alive,
2,2772.000000,Alive,
3,66.000000,Dead,

0,4, //Line: 317 | Token: ~ | Op: eLOI,
0,2789.000000,Alive,
1,3114.000000,Alive,
2,3201.000000,Alive,
3,46418.000000,Dead,

1,10, //Line: 317 | Token: ~ | Op: eLOI,
0,3085.000000,Alive,
1,3069.000000,Alive,
2,2868.000000,Alive,
3,3080.000000,Alive,
4,397.000000,Alive,
5,1100.000000,Alive,
6,444.000000,Alive,
7,382.000000,Alive,
8,64.000000,Alive,
9,67.000000,Alive,

1,10, //Line: 317 | Token: > | Op: eROR,
0,2590.000000,Alive,
1,2666.000000,Alive,
2,2620.000000,Alive,
3,2758.000000,Alive,
4,350.000000,Alive,
5,390.000000,Alive,
6,423.000000,Alive,
7,375.000000,Alive,
8,66.000000,Alive,
9,58.000000,Alive,

1,10, //Line: 317 | Token: >= | Op: eROR,
0,2772.000000,Alive,
1,3074.000000,Alive,
2,2962.000000,Alive,
3,3195.000000,Alive,
4,419.000000,Alive,
5,391.000000,Alive,
6,406.000000,Alive,
7,431.000000,Alive,
8,55.000000,Alive,
9,56.000000,Alive,

0,4, //Line: 317 | Token: < | Op: eROR,
0,2922.000000,Alive,
1,3621.000000,Alive,
2,4039.000000,Alive,
3,92.000000,Dead,

0,4, //Line: 317 | Token: <= | Op: eROR,
0,3086.000000,Alive,
1,3253.000000,Alive,
2,3159.000000,Alive,
3,93.000000,Dead,

1,10, //Line: 317 | Token: != | Op: eROR,
0,3027.000000,Alive,
1,3023.000000,Alive,
2,2894.000000,Alive,
3,2837.000000,Alive,
4,521.000000,Alive,
5,363.000000,Alive,
6,368.000000,Alive,
7,401.000000,Alive,
8,65.000000,Alive,
9,69.000000,Alive,

0,4, //Line: 325 | Token: - | Op: eAOIu,
0,3040.000000,Alive,
1,3118.000000,Alive,
2,3107.000000,Alive,
3,50.000000,Dead,

1,10, //Line: 325 | Token: - | Op: eAOIu,
0,4042.000000,Alive,
1,3335.000000,Alive,
2,3322.000000,Alive,
3,3024.000000,Alive,
4,495.000000,Alive,
5,422.000000,Alive,
6,392.000000,Alive,
7,413.000000,Alive,
8,45.000000,Alive,
9,45.000000,Alive,

0,4, //Line: 325 | Token: ~ | Op: eLOI,
0,2835.000000,Alive,
1,3336.000000,Alive,
2,2587.000000,Alive,
3,3.000000,Dead,

0,4, //Line: 325 | Token: ~ | Op: eLOI,
0,2690.000000,Alive,
1,2892.000000,Alive,
2,2776.000000,Alive,
3,4.000000,Dead,

1,10, //Line: 325 | Token: > | Op: eROR,
0,2991.000000,Alive,
1,4243.000000,Alive,
2,3097.000000,Alive,
3,2986.000000,Alive,
4,342.000000,Alive,
5,366.000000,Alive,
6,357.000000,Alive,
7,384.000000,Alive,
8,82.000000,Alive,
9,45.000000,Alive,

1,10, //Line: 325 | Token: >= | Op: eROR,
0,2667.000000,Alive,
1,3101.000000,Alive,
2,3097.000000,Alive,
3,3204.000000,Alive,
4,385.000000,Alive,
5,371.000000,Alive,
6,420.000000,Alive,
7,423.000000,Alive,
8,60.000000,Alive,
9,56.000000,Alive,

0,4, //Line: 325 | Token: <= | Op: eROR,
0,3111.000000,Alive,
1,3179.000000,Alive,
2,3313.000000,Alive,
3,3.000000,Dead,

0,4, //Line: 325 | Token: == | Op: eROR,
0,3975.000000,Alive,
1,3232.000000,Alive,
2,3155.000000,Alive,
3,3206.000000,Dead,

0,4, //Line: 325 | Token: != | Op: eROR,
0,2990.000000,Alive,
1,3263.000000,Alive,
2,3009.000000,Alive,
3,2929.000000,Dead,

0,4, //Line: 325 | Token: - | Op: eAOIu,
0,3177.000000,Alive,
1,3240.000000,Alive,
2,3063.000000,Alive,
3,3379.000000,Dead,

0,4, //Line: 325 | Token: - | Op: eAOIu,
0,2943.000000,Alive,
1,3274.000000,Alive,
2,2678.000000,Alive,
3,2866.000000,Dead,

1,10, //Line: 325 | Token: ~ | Op: eLOI,
0,3104.000000,Alive,
1,3464.000000,Alive,
2,2854.000000,Alive,
3,2731.000000,Alive,
4,335.000000,Alive,
5,451.000000,Alive,
6,364.000000,Alive,
7,344.000000,Alive,
8,43.000000,Alive,
9,56.000000,Alive,

0,4, //Line: 325 | Token: ~ | Op: eLOI,
0,2916.000000,Alive,
1,3284.000000,Alive,
2,2667.000000,Alive,
3,3319.000000,Dead,

0,4, //Line: 325 | Token: + | Op: eAORb,
0,2547.000000,Alive,
1,2875.000000,Alive,
2,2727.000000,Alive,
3,243.000000,Dead,

0,4, //Line: 325 | Token: * | Op: eAORb,
0,2561.000000,Alive,
1,3238.000000,Alive,
2,2888.000000,Alive,
3,3282.000000,Dead,

1,10, //Line: 325 | Token: - | Op: eAORb,
0,3061.000000,Alive,
1,3153.000000,Alive,
2,2713.000000,Alive,
3,3030.000000,Alive,
4,581.000000,Alive,
5,343.000000,Alive,
6,344.000000,Alive,
7,355.000000,Alive,
8,46.000000,Alive,
9,55.000000,Alive,

1,10, //Line: 328 | Token: - | Op: eAOIu,
0,2865.000000,Alive,
1,3039.000000,Alive,
2,2820.000000,Alive,
3,2662.000000,Alive,
4,349.000000,Alive,
5,343.000000,Alive,
6,348.000000,Alive,
7,372.000000,Alive,
8,81.000000,Alive,
9,56.000000,Alive,

1,10, //Line: 328 | Token: - | Op: eAOIu,
0,2877.000000,Alive,
1,3494.000000,Alive,
2,2566.000000,Alive,
3,3114.000000,Alive,
4,350.000000,Alive,
5,355.000000,Alive,
6,363.000000,Alive,
7,359.000000,Alive,
8,56.000000,Alive,
9,56.000000,Alive,

0,4, //Line: 328 | Token: ~ | Op: eLOI,
0,3497.000000,Alive,
1,2789.000000,Alive,
2,2874.000000,Alive,
3,3191.000000,Dead,

1,10, //Line: 328 | Token: ~ | Op: eLOI,
0,3133.000000,Alive,
1,3074.000000,Alive,
2,3155.000000,Alive,
3,2764.000000,Alive,
4,480.000000,Alive,
5,356.000000,Alive,
6,384.000000,Alive,
7,366.000000,Alive,
8,71.000000,Alive,
9,56.000000,Alive,

0,4, //Line: 328 | Token: * | Op: eAORb,
0,2901.000000,Alive,
1,3397.000000,Alive,
2,2529.000000,Alive,
3,3457.000000,Dead,

0,4, //Line: 328 | Token: - | Op: eAORb,
0,3355.000000,Alive,
1,3389.000000,Alive,
2,2517.000000,Alive,
3,2692.000000,Dead,

0,4, //Line: 328 | Token: / | Op: eAORb,
0,2612.000000,Alive,
1,2789.000000,Alive,
2,2688.000000,Alive,
3,2946.000000,Dead,

0,4, //Line: 328 | Token: - | Op: eAOIu,
0,3035.000000,Alive,
1,3067.000000,Alive,
2,3133.000000,Alive,
3,3895.000000,Dead,

0,4, //Line: 328 | Token: - | Op: eAOIu,
0,3093.000000,Alive,
1,2762.000000,Alive,
2,2625.000000,Alive,
3,3081.000000,Dead,

0,4, //Line: 328 | Token: ~ | Op: eLOI,
0,3259.000000,Alive,
1,3076.000000,Alive,
2,3205.000000,Alive,
3,2812.000000,Dead,

1,10, //Line: 328 | Token: ~ | Op: eLOI,
0,2688.000000,Alive,
1,3290.000000,Alive,
2,3200.000000,Alive,
3,3362.000000,Alive,
4,336.000000,Alive,
5,382.000000,Alive,
6,355.000000,Alive,
7,361.000000,Alive,
8,57.000000,Alive,
9,45.000000,Alive,

0,4, //Line: 328 | Token: * | Op: eAORb,
0,2555.000000,Alive,
1,2775.000000,Alive,
2,2753.000000,Alive,
3,3068.000000,Dead,

0,4, //Line: 328 | Token: - | Op: eAORb,
0,2637.000000,Alive,
1,2966.000000,Alive,
2,2609.000000,Alive,
3,3064.000000,Dead,

1,10, //Line: 328 | Token: / | Op: eAORb,
0,3045.000000,Alive,
1,3013.000000,Alive,
2,3041.000000,Alive,
3,4182.000000,Alive,
4,383.000000,Alive,
5,425.000000,Alive,
6,406.000000,Alive,
7,369.000000,Alive,
8,57.000000,Alive,
9,45.000000,Alive,

0,4, //Line: 329 | Token: - | Op: eAOIu,
0,2795.000000,Alive,
1,3066.000000,Alive,
2,3026.000000,Alive,
3,3086.000000,Dead,

0,4, //Line: 329 | Token: - | Op: eAOIu,
0,3195.000000,Alive,
1,3180.000000,Alive,
2,3097.000000,Alive,
3,3153.000000,Dead,

1,10, //Line: 329 | Token: ~ | Op: eLOI,
0,2940.000000,Alive,
1,3221.000000,Alive,
2,4040.000000,Alive,
3,3360.000000,Alive,
4,443.000000,Alive,
5,491.000000,Alive,
6,444.000000,Alive,
7,398.000000,Alive,
8,58.000000,Alive,
9,54.000000,Alive,

0,4, //Line: 329 | Token: ~ | Op: eLOI,
0,2935.000000,Alive,
1,2990.000000,Alive,
2,3266.000000,Alive,
3,3067.000000,Dead,

0,4, //Line: 329 | Token: + | Op: eAORb,
0,3083.000000,Alive,
1,3378.000000,Alive,
2,3553.000000,Alive,
3,3379.000000,Dead,

0,4, //Line: 329 | Token: * | Op: eAORb,
0,3460.000000,Alive,
1,3297.000000,Alive,
2,3419.000000,Alive,
3,3712.000000,Dead,

0,4, //Line: 329 | Token: - | Op: eAORb,
0,3067.000000,Alive,
1,3678.000000,Alive,
2,3475.000000,Alive,
3,3925.000000,Dead,

0,4, //Line: 341 | Token: - | Op: eAOIu,
0,2835.000000,Alive,
1,4227.000000,Alive,
2,3146.000000,Alive,
3,3548.000000,Dead,

0,4, //Line: 341 | Token: - | Op: eAOIu,
0,3206.000000,Alive,
1,3377.000000,Alive,
2,3123.000000,Alive,
3,3441.000000,Dead,

1,10, //Line: 341 | Token: ~ | Op: eLOI,
0,2970.000000,Alive,
1,3470.000000,Alive,
2,3257.000000,Alive,
3,3524.000000,Alive,
4,1079.000000,Alive,
5,411.000000,Alive,
6,469.000000,Alive,
7,429.000000,Alive,
8,91.000000,Alive,
9,79.000000,Alive,

0,4, //Line: 341 | Token: ~ | Op: eLOI,
0,3012.000000,Alive,
1,3637.000000,Alive,
2,2988.000000,Alive,
3,3566.000000,Dead,

0,4, //Line: 341 | Token: * | Op: eAORb,
0,2743.000000,Alive,
1,3431.000000,Alive,
2,3028.000000,Alive,
3,3417.000000,Dead,

1,10, //Line: 341 | Token: - | Op: eAORb,
0,2813.000000,Alive,
1,3410.000000,Alive,
2,3602.000000,Alive,
3,3519.000000,Alive,
4,362.000000,Alive,
5,411.000000,Alive,
6,476.000000,Alive,
7,412.000000,Alive,
8,56.000000,Alive,
9,45.000000,Alive,

0,4, //Line: 341 | Token: / | Op: eAORb,
0,3025.000000,Alive,
1,2885.000000,Alive,
2,3346.000000,Alive,
3,3441.000000,Dead,

0,4, //Line: 364 | Token: - | Op: eAOIu,
0,3266.000000,Alive,
1,3586.000000,Alive,
2,3444.000000,Alive,
3,3629.000000,Dead,

0,4, //Line: 364 | Token: - | Op: eAOIu,
0,3703.000000,Alive,
1,3360.000000,Alive,
2,3603.000000,Alive,
3,3489.000000,Dead,

0,4, //Line: 364 | Token: ~ | Op: eLOI,
0,3372.000000,Alive,
1,3213.000000,Alive,
2,3629.000000,Alive,
3,3628.000000,Dead,

0,4, //Line: 364 | Token: ~ | Op: eLOI,
0,3388.000000,Alive,
1,3451.000000,Alive,
2,4080.000000,Alive,
3,3790.000000,Dead,

1,10, //Line: 364 | Token: + | Op: eAORb,
0,3130.000000,Alive,
1,3760.000000,Alive,
2,3151.000000,Alive,
3,3825.000000,Alive,
4,404.000000,Alive,
5,512.000000,Alive,
6,507.000000,Alive,
7,514.000000,Alive,
8,58.000000,Alive,
9,55.000000,Alive,

0,4, //Line: 364 | Token: - | Op: eAORb,
0,3289.000000,Alive,
1,2991.000000,Alive,
2,3725.000000,Alive,
3,3801.000000,Dead,

0,4, //Line: 364 | Token: / | Op: eAORb,
0,3160.000000,Alive,
1,3997.000000,Alive,
2,3623.000000,Alive,
3,3111.000000,Dead,

0,4, //Line: 367 | Token: > | Op: eROR,
0,3814.000000,Alive,
1,3444.000000,Alive,
2,3749.000000,Alive,
3,3286.000000,Dead,

0,4, //Line: 367 | Token: >= | Op: eROR,
0,3696.000000,Alive,
1,3571.000000,Alive,
2,4096.000000,Alive,
3,3579.000000,Dead,

0,4, //Line: 367 | Token: < | Op: eROR,
0,3710.000000,Alive,
1,3329.000000,Alive,
2,3968.000000,Alive,
3,3547.000000,Dead,

0,4, //Line: 367 | Token: <= | Op: eROR,
0,3802.000000,Alive,
1,3255.000000,Alive,
2,3984.000000,Alive,
3,3939.000000,Dead,

1,10, //Line: 367 | Token: == | Op: eROR,
0,3850.000000,Alive,
1,3463.000000,Alive,
2,4165.000000,Alive,
3,3631.000000,Alive,
4,598.000000,Alive,
5,579.000000,Alive,
6,553.000000,Alive,
7,536.000000,Alive,
8,57.000000,Alive,
9,66.000000,Alive,

0,4, //Line: 367 | Token: - | Op: eAOIu,
0,3938.000000,Alive,
1,2984.000000,Alive,
2,4153.000000,Alive,
3,3563.000000,Dead,

0,4, //Line: 367 | Token: - | Op: eAOIu,
0,4441.000000,Alive,
1,3576.000000,Alive,
2,4282.000000,Alive,
3,3798.000000,Dead,

0,4, //Line: 367 | Token: ~ | Op: eLOI,
0,4167.000000,Alive,
1,4911.000000,Alive,
2,4037.000000,Alive,
3,5600.000000,Dead,

0,4, //Line: 367 | Token: ~ | Op: eLOI,
0,5451.000000,Alive,
1,4590.000000,Alive,
2,4597.000000,Alive,
3,4857.000000,Dead,

0,4, //Line: 367 | Token: + | Op: eAORb,
0,3150.000000,Alive,
1,4724.000000,Alive,
2,4279.000000,Alive,
3,5830.000000,Dead,

1,10, //Line: 367 | Token: * | Op: eAORb,
0,3423.000000,Alive,
1,4508.000000,Alive,
2,4516.000000,Alive,
3,4103.000000,Alive,
4,678.000000,Alive,
5,602.000000,Alive,
6,593.000000,Alive,
7,596.000000,Alive,
8,52.000000,Alive,
9,45.000000,Alive,

0,4, //Line: 367 | Token: - | Op: eAORb,
0,4085.000000,Alive,
1,3558.000000,Alive,
2,4349.000000,Alive,
3,5160.000000,Dead,

0,4, //Line: 367 | Token: / | Op: eAORb,
0,3454.000000,Alive,
1,4968.000000,Alive,
2,4495.000000,Alive,
3,3972.000000,Dead,

0,4, //Line: 368 | Token: - | Op: eAOIu,
0,4060.000000,Alive,
1,3679.000000,Alive,
2,4408.000000,Alive,
3,4796.000000,Dead,

1,10, //Line: 368 | Token: - | Op: eAOIu,
0,3963.000000,Alive,
1,3897.000000,Alive,
2,4315.000000,Alive,
3,4276.000000,Alive,
4,618.000000,Alive,
5,670.000000,Alive,
6,585.000000,Alive,
7,680.000000,Alive,
8,71.000000,Alive,
9,86.000000,Alive,

0,4, //Line: 368 | Token: ~ | Op: eLOI,
0,4237.000000,Alive,
1,4407.000000,Alive,
2,4504.000000,Alive,
3,4813.000000,Dead,

0,4, //Line: 368 | Token: ~ | Op: eLOI,
0,4209.000000,Alive,
1,3702.000000,Alive,
2,4249.000000,Alive,
3,3934.000000,Dead,

0,4, //Line: 368 | Token: * | Op: eAORb,
0,4212.000000,Alive,
1,3749.000000,Alive,
2,4159.000000,Alive,
3,3853.000000,Dead,

0,4, //Line: 368 | Token: - | Op: eAORb,
0,4648.000000,Alive,
1,3567.000000,Alive,
2,4259.000000,Alive,
3,3836.000000,Dead,

0,4, //Line: 368 | Token: / | Op: eAORb,
0,4292.000000,Alive,
1,3708.000000,Alive,
2,4433.000000,Alive,
3,4439.000000,Dead,

0,4, //Line: 368 | Token: - | Op: eAOIu,
0,3562.000000,Alive,
1,5385.000000,Alive,
2,3590.000000,Alive,
3,4449.000000,Dead,

0,4, //Line: 368 | Token: - | Op: eAOIu,
0,3411.000000,Alive,
1,4580.000000,Alive,
2,3617.000000,Alive,
3,4597.000000,Dead,

0,1, //Line: 368 | Token: ~ | Op: eLOI,
0,6.000000,Dead,

0,4, //Line: 368 | Token: ~ | Op: eLOI,
0,3307.000000,Alive,
1,4359.000000,Alive,
2,5132.000000,Alive,
3,93.000000,Dead,

0,1, //Line: 368 | Token: + | Op: eAORb,
0,3.000000,Dead,

0,1, //Line: 368 | Token: * | Op: eAORb,
0,4.000000,Dead,

0,1, //Line: 368 | Token: - | Op: eAORb,
0,5.000000,Dead,

0,1, //Line: 370 | Token: - | Op: eAOIu,
0,4.000000,Dead,

0,1, //Line: 370 | Token: - | Op: eAOIu,
0,3.000000,Dead,

0,1, //Line: 370 | Token: ~ | Op: eLOI,
0,29.000000,Dead,

0,1, //Line: 370 | Token: ~ | Op: eLOI,
0,4.000000,Dead,

0,1, //Line: 370 | Token: + | Op: eAORb,
0,4.000000,Dead,

0,1, //Line: 370 | Token: * | Op: eAORb,
0,3.000000,Dead,

0,1, //Line: 370 | Token: - | Op: eAORb,
0,9.000000,Dead,

0,1, //Line: 374 | Token: - | Op: eAOIu,
0,3.000000,Dead,

0,1, //Line: 374 | Token: - | Op: eAOIu,
0,4.000000,Dead,

0,1, //Line: 374 | Token: ~ | Op: eLOI,
0,3.000000,Dead,

0,1, //Line: 374 | Token: ~ | Op: eLOI,
0,4.000000,Dead,

0,1, //Line: 374 | Token: > | Op: eROR,
0,2.000000,Dead,

0,1, //Line: 374 | Token: >= | Op: eROR,
0,3.000000,Dead,

0,1, //Line: 374 | Token: <= | Op: eROR,
0,5.000000,Dead,

0,1, //Line: 374 | Token: == | Op: eROR,
0,4.000000,Dead,

0,1, //Line: 374 | Token: != | Op: eROR,
0,4.000000,Dead,

0,1, //Line: 376 | Token: - | Op: eAOIu,
0,3.000000,Dead,

0,1, //Line: 376 | Token: - | Op: eAOIu,
0,3.000000,Dead,

0,1, //Line: 376 | Token: ~ | Op: eLOI,
0,3.000000,Dead,

0,1, //Line: 376 | Token: ~ | Op: eLOI,
0,4.000000,Dead,

0,1, //Line: 376 | Token: > | Op: eROR,
0,3.000000,Dead,

0,1, //Line: 376 | Token: >= | Op: eROR,
0,3.000000,Dead,

0,1, //Line: 376 | Token: < | Op: eROR,
0,3.000000,Dead,

0,1, //Line: 376 | Token: <= | Op: eROR,
0,3.000000,Dead,

0,1, //Line: 376 | Token: != | Op: eROR,
0,3.000000,Dead,

0,1, //Line: 384 | Token: - | Op: eAOIu,
0,3.000000,Dead,

0,1, //Line: 384 | Token: - | Op: eAOIu,
0,3.000000,Dead,

0,1, //Line: 384 | Token: ~ | Op: eLOI,
0,3.000000,Dead,

0,1, //Line: 384 | Token: ~ | Op: eLOI,
0,3.000000,Dead,

0,1, //Line: 384 | Token: > | Op: eROR,
0,8.000000,Dead,

0,1, //Line: 384 | Token: >= | Op: eROR,
0,2.000000,Dead,

0,1, //Line: 384 | Token: <= | Op: eROR,
0,2.000000,Dead,

0,1, //Line: 384 | Token: == | Op: eROR,
0,3.000000,Dead,

0,1, //Line: 384 | Token: != | Op: eROR,
0,3.000000,Dead,

0,1, //Line: 384 | Token: - | Op: eAOIu,
0,9.000000,Dead,

0,1, //Line: 384 | Token: - | Op: eAOIu,
0,6.000000,Dead,

0,1, //Line: 384 | Token: ~ | Op: eLOI,
0,3.000000,Dead,

0,1, //Line: 384 | Token: ~ | Op: eLOI,
0,4.000000,Dead,

0,1, //Line: 384 | Token: + | Op: eAORb,
0,3.000000,Dead,

0,1, //Line: 384 | Token: * | Op: eAORb,
0,4.000000,Dead,

0,1, //Line: 384 | Token: - | Op: eAORb,
0,3.000000,Dead,

0,1, //Line: 387 | Token: - | Op: eAOIu,
0,3.000000,Dead,

0,1, //Line: 387 | Token: - | Op: eAOIu,
0,8.000000,Dead,

0,1, //Line: 387 | Token: ~ | Op: eLOI,
0,2.000000,Dead,

0,1, //Line: 387 | Token: ~ | Op: eLOI,
0,2.000000,Dead,

0,1, //Line: 387 | Token: > | Op: eROR,
0,3.000000,Dead,

0,1, //Line: 387 | Token: >= | Op: eROR,
0,3.000000,Dead,

0,1, //Line: 387 | Token: <= | Op: eROR,
0,3.000000,Dead,

0,1, //Line: 387 | Token: == | Op: eROR,
0,3.000000,Dead,

0,1, //Line: 387 | Token: != | Op: eROR,
0,4.000000,Dead,

0,1, //Line: 395 | Token: - | Op: eAOIu,
0,3.000000,Dead,

0,1, //Line: 395 | Token: - | Op: eAOIu,
0,4.000000,Dead,

0,1, //Line: 395 | Token: ~ | Op: eLOI,
0,4.000000,Dead,

0,1, //Line: 395 | Token: ~ | Op: eLOI,
0,4.000000,Dead,

0,1, //Line: 395 | Token: > | Op: eROR,
0,3.000000,Dead,

0,1, //Line: 395 | Token: >= | Op: eROR,
0,3.000000,Dead,

0,1, //Line: 395 | Token: <= | Op: eROR,
0,6.000000,Dead,

0,1, //Line: 395 | Token: == | Op: eROR,
0,9.000000,Dead,

0,1, //Line: 395 | Token: != | Op: eROR,
0,6.000000,Dead,

0,1, //Line: 403 | Token: - | Op: eAOIu,
0,4.000000,Dead,

0,1, //Line: 403 | Token: - | Op: eAOIu,
0,5.000000,Dead,

0,1, //Line: 403 | Token: ~ | Op: eLOI,
0,4.000000,Dead,

0,1, //Line: 403 | Token: ~ | Op: eLOI,
0,4.000000,Dead,

0,1, //Line: 403 | Token: > | Op: eROR,
0,3.000000,Dead,

0,1, //Line: 403 | Token: >= | Op: eROR,
0,3.000000,Dead,

0,1, //Line: 403 | Token: <= | Op: eROR,
0,3.000000,Dead,

0,1, //Line: 403 | Token: == | Op: eROR,
0,5.000000,Dead,

0,1, //Line: 403 | Token: != | Op: eROR,
0,3.000000,Dead,

0,1, //Line: 412 | Token: - | Op: eAOIu,
0,9.000000,Dead,

0,1, //Line: 412 | Token: - | Op: eAOIu,
0,8.000000,Dead,

0,1, //Line: 412 | Token: ~ | Op: eLOI,
0,5.000000,Dead,

0,1, //Line: 412 | Token: ~ | Op: eLOI,
0,5.000000,Dead,

0,1, //Line: 412 | Token: * | Op: eAORb,
0,3.000000,Dead,

0,1, //Line: 412 | Token: - | Op: eAORb,
0,4.000000,Dead,

0,1, //Line: 412 | Token: / | Op: eAORb,
0,3.000000,Dead,

0,1, //Line: 435 | Token: - | Op: eAOIu,
0,4.000000,Dead,

0,1, //Line: 435 | Token: - | Op: eAOIu,
0,3.000000,Dead,

0,1, //Line: 435 | Token: ~ | Op: eLOI,
0,4.000000,Dead,

0,1, //Line: 435 | Token: ~ | Op: eLOI,
0,3.000000,Dead,

0,1, //Line: 435 | Token: + | Op: eAORb,
0,4.000000,Dead,

0,1, //Line: 435 | Token: - | Op: eAORb,
0,3.000000,Dead,

0,1, //Line: 435 | Token: / | Op: eAORb,
0,4.000000,Dead,

0,1, //Line: 438 | Token: > | Op: eROR,
0,3.000000,Dead,

0,1, //Line: 438 | Token: >= | Op: eROR,
0,3.000000,Dead,

0,1, //Line: 438 | Token: < | Op: eROR,
0,3.000000,Dead,

0,1, //Line: 438 | Token: <= | Op: eROR,
0,3.000000,Dead,

0,1, //Line: 438 | Token: == | Op: eROR,
0,12.000000,Dead,

0,1, //Line: 438 | Token: - | Op: eAOIu,
0,7.000000,Dead,

0,1, //Line: 438 | Token: - | Op: eAOIu,
0,8.000000,Dead,

0,1, //Line: 438 | Token: ~ | Op: eLOI,
0,8.000000,Dead,

0,1, //Line: 438 | Token: ~ | Op: eLOI,
0,6.000000,Dead,

0,1, //Line: 438 | Token: + | Op: eAORb,
0,3.000000,Dead,

0,1, //Line: 438 | Token: * | Op: eAORb,
0,5.000000,Dead,

0,1, //Line: 438 | Token: - | Op: eAORb,
0,3.000000,Dead,

0,1, //Line: 438 | Token: / | Op: eAORb,
0,3.000000,Dead,

0,1, //Line: 439 | Token: - | Op: eAOIu,
0,3.000000,Dead,

0,1, //Line: 439 | Token: - | Op: eAOIu,
0,4.000000,Dead,

0,1, //Line: 439 | Token: ~ | Op: eLOI,
0,3.000000,Dead,

0,1, //Line: 439 | Token: ~ | Op: eLOI,
0,4.000000,Dead,

0,1, //Line: 439 | Token: * | Op: eAORb,
0,2.000000,Dead,

0,1, //Line: 439 | Token: - | Op: eAORb,
0,3.000000,Dead,

0,1, //Line: 439 | Token: / | Op: eAORb,
0,2.000000,Dead,

0,1, //Line: 439 | Token: - | Op: eAOIu,
0,3.000000,Dead,

0,1, //Line: 439 | Token: - | Op: eAOIu,
0,4.000000,Dead,

0,1, //Line: 439 | Token: ~ | Op: eLOI,
0,3.000000,Dead,

0,1, //Line: 439 | Token: ~ | Op: eLOI,
0,3.000000,Dead,

0,1, //Line: 439 | Token: + | Op: eAORb,
0,3.000000,Dead,

0,1, //Line: 439 | Token: * | Op: eAORb,
0,4.000000,Dead,

0,1, //Line: 439 | Token: - | Op: eAORb,
0,13.000000,Dead,

0,1, //Line: 441 | Token: - | Op: eAOIu,
0,7.000000,Dead,

0,1, //Line: 441 | Token: - | Op: eAOIu,
0,3.000000,Dead,

0,1, //Line: 441 | Token: ~ | Op: eLOI,
0,4.000000,Dead,

0,1, //Line: 441 | Token: ~ | Op: eLOI,
0,3.000000,Dead,

0,1, //Line: 441 | Token: + | Op: eAORb,
0,3.000000,Dead,

0,1, //Line: 441 | Token: * | Op: eAORb,
0,3.000000,Dead,

0,1, //Line: 441 | Token: - | Op: eAORb,
0,3.000000,Dead,

0,1, //Line: 444 | Token: - | Op: eAOIu,
0,2.000000,Dead,

0,1, //Line: 444 | Token: - | Op: eAOIu,
0,4.000000,Dead,

0,1, //Line: 444 | Token: ~ | Op: eLOI,
0,3.000000,Dead,

0,1, //Line: 444 | Token: ~ | Op: eLOI,
0,4.000000,Dead,

0,1, //Line: 444 | Token: > | Op: eROR,
0,4.000000,Dead,

0,1, //Line: 444 | Token: >= | Op: eROR,
0,3.000000,Dead,

0,1, //Line: 444 | Token: <= | Op: eROR,
0,3.000000,Dead,

0,1, //Line: 444 | Token: == | Op: eROR,
0,5.000000,Dead,

0,1, //Line: 444 | Token: != | Op: eROR,
0,4.000000,Dead,

0,1, //Line: 447 | Token: - | Op: eAOIu,
0,2.000000,Dead,

0,1, //Line: 447 | Token: - | Op: eAOIu,
0,5.000000,Dead,

0,1, //Line: 447 | Token: ~ | Op: eLOI,
0,3.000000,Dead,

0,1, //Line: 447 | Token: ~ | Op: eLOI,
0,6.000000,Dead,

0,1, //Line: 447 | Token: > | Op: eROR,
0,4.000000,Dead,

0,1, //Line: 447 | Token: >= | Op: eROR,
0,3.000000,Dead,

0,1, //Line: 447 | Token: < | Op: eROR,
0,3.000000,Dead,

0,1, //Line: 447 | Token: <= | Op: eROR,
0,3.000000,Dead,

0,1, //Line: 447 | Token: != | Op: eROR,
0,2.000000,Dead,

0,1, //Line: 454 | Token: - | Op: eAOIu,
0,3.000000,Dead,

0,1, //Line: 454 | Token: - | Op: eAOIu,
0,3.000000,Dead,

0,1, //Line: 454 | Token: ~ | Op: eLOI,
0,4.000000,Dead,

0,1, //Line: 454 | Token: ~ | Op: eLOI,
0,3.000000,Dead,

0,1, //Line: 454 | Token: > | Op: eROR,
0,3.000000,Dead,

0,1, //Line: 454 | Token: >= | Op: eROR,
0,4.000000,Dead,

0,1, //Line: 454 | Token: <= | Op: eROR,
0,3.000000,Dead,

0,1, //Line: 454 | Token: == | Op: eROR,
0,3.000000,Dead,

0,1, //Line: 454 | Token: != | Op: eROR,
0,3.000000,Dead,

0,1, //Line: 454 | Token: - | Op: eAOIu,
0,3.000000,Dead,

0,1, //Line: 454 | Token: - | Op: eAOIu,
0,3.000000,Dead,

0,1, //Line: 454 | Token: ~ | Op: eLOI,
0,2.000000,Dead,

0,1, //Line: 454 | Token: ~ | Op: eLOI,
0,3.000000,Dead,

0,1, //Line: 454 | Token: + | Op: eAORb,
0,5.000000,Dead,

0,1, //Line: 454 | Token: * | Op: eAORb,
0,4.000000,Dead,

0,1, //Line: 454 | Token: - | Op: eAORb,
0,2.000000,Dead,

0,1, //Line: 458 | Token: ! | Op: eCOI,
0,5.000000,Dead,

0,1, //Line: 458 | Token: ! | Op: eCOI,
0,3.000000,Dead,

0,1, //Line: 458 | Token: && | Op: eCOR,
0,5.000000,Dead,

0,1, //Line: 458 | Token: & | Op: eCOR,
0,3.000000,Dead,

0,1, //Line: 458 | Token: | | Op: eCOR,
0,4.000000,Dead,

0,1, //Line: 457 | Token: ! | Op: eCOI,
0,3.000000,Dead,

0,1, //Line: 457 | Token: ! | Op: eCOI,
0,3.000000,Dead,

0,1, //Line: 457 | Token: || | Op: eCOR,
0,4.000000,Dead,

0,1, //Line: 457 | Token: & | Op: eCOR,
0,3.000000,Dead,

0,1, //Line: 457 | Token: | | Op: eCOR,
0,4.000000,Dead,

0,1, //Line: 456 | Token: - | Op: eAOIu,
0,3.000000,Dead,

0,1, //Line: 456 | Token: - | Op: eAOIu,
0,3.000000,Dead,

0,1, //Line: 456 | Token: ~ | Op: eLOI,
0,3.000000,Dead,

0,1, //Line: 456 | Token: ~ | Op: eLOI,
0,4.000000,Dead,

0,1, //Line: 456 | Token: > | Op: eROR,
0,4.000000,Dead,

0,1, //Line: 456 | Token: >= | Op: eROR,
0,4.000000,Dead,

0,1, //Line: 456 | Token: <= | Op: eROR,
0,3.000000,Dead,

0,1, //Line: 456 | Token: == | Op: eROR,
0,3.000000,Dead,

0,1, //Line: 456 | Token: != | Op: eROR,
0,3.000000,Dead,

0,1, //Line: 457 | Token: - | Op: eAOIu,
0,3.000000,Dead,

0,1, //Line: 457 | Token: - | Op: eAOIu,
0,3.000000,Dead,

0,1, //Line: 457 | Token: ~ | Op: eLOI,
0,3.000000,Dead,

0,1, //Line: 457 | Token: ~ | Op: eLOI,
0,6.000000,Dead,

0,1, //Line: 457 | Token: >= | Op: eROR,
0,4.000000,Dead,

0,1, //Line: 457 | Token: < | Op: eROR,
0,4.000000,Dead,

0,1, //Line: 457 | Token: <= | Op: eROR,
0,5.000000,Dead,

0,1, //Line: 457 | Token: == | Op: eROR,
0,3.000000,Dead,

0,1, //Line: 457 | Token: != | Op: eROR,
0,5.000000,Dead,

0,1, //Line: 459 | Token: ! | Op: eCOI,
0,4.000000,Dead,

0,1, //Line: 459 | Token: ! | Op: eCOI,
0,4.000000,Dead,

0,1, //Line: 459 | Token: || | Op: eCOR,
0,4.000000,Dead,

0,1, //Line: 459 | Token: & | Op: eCOR,
0,3.000000,Dead,

0,1, //Line: 459 | Token: | | Op: eCOR,
0,4.000000,Dead,

0,1, //Line: 458 | Token: - | Op: eAOIu,
0,19.000000,Dead,

0,1, //Line: 458 | Token: - | Op: eAOIu,
0,2.000000,Dead,

0,1, //Line: 458 | Token: ~ | Op: eLOI,
0,5.000000,Dead,

0,1, //Line: 458 | Token: ~ | Op: eLOI,
0,3.000000,Dead,

0,1, //Line: 458 | Token: > | Op: eROR,
0,4.000000,Dead,

0,1, //Line: 458 | Token: >= | Op: eROR,
0,3.000000,Dead,

0,1, //Line: 458 | Token: <= | Op: eROR,
0,5.000000,Dead,

0,1, //Line: 458 | Token: == | Op: eROR,
0,3.000000,Dead,

0,1, //Line: 458 | Token: != | Op: eROR,
0,3.000000,Dead,

0,1, //Line: 459 | Token: - | Op: eAOIu,
0,4.000000,Dead,

0,1, //Line: 459 | Token: - | Op: eAOIu,
0,3.000000,Dead,

0,1, //Line: 459 | Token: ~ | Op: eLOI,
0,4.000000,Dead,

0,1, //Line: 459 | Token: ~ | Op: eLOI,
0,3.000000,Dead,

0,1, //Line: 459 | Token: >= | Op: eROR,
0,4.000000,Dead,

0,1, //Line: 459 | Token: < | Op: eROR,
0,3.000000,Dead,

0,1, //Line: 459 | Token: <= | Op: eROR,
0,3.000000,Dead,

0,1, //Line: 459 | Token: == | Op: eROR,
0,3.000000,Dead,

0,1, //Line: 459 | Token: != | Op: eROR,
0,3.000000,Dead,

0,1, //Line: 467 | Token: ! | Op: eCOI,
0,4.000000,Dead,

0,1, //Line: 467 | Token: ! | Op: eCOI,
0,3.000000,Dead,

0,1, //Line: 467 | Token: && | Op: eCOR,
0,5.000000,Dead,

0,1, //Line: 467 | Token: & | Op: eCOR,
0,3.000000,Dead,

0,1, //Line: 467 | Token: | | Op: eCOR,
0,9.000000,Dead,

0,1, //Line: 466 | Token: ! | Op: eCOI,
0,4.000000,Dead,

0,1, //Line: 466 | Token: ! | Op: eCOI,
0,10.000000,Dead,

0,1, //Line: 466 | Token: || | Op: eCOR,
0,4.000000,Dead,

0,1, //Line: 466 | Token: & | Op: eCOR,
0,3.000000,Dead,

0,1, //Line: 466 | Token: | | Op: eCOR,
0,4.000000,Dead,

0,1, //Line: 465 | Token: - | Op: eAOIu,
0,3.000000,Dead,

0,1, //Line: 465 | Token: - | Op: eAOIu,
0,4.000000,Dead,

0,1, //Line: 465 | Token: ~ | Op: eLOI,
0,3.000000,Dead,

0,1, //Line: 465 | Token: ~ | Op: eLOI,
0,3.000000,Dead,

0,1, //Line: 465 | Token: > | Op: eROR,
0,4.000000,Dead,

0,1, //Line: 465 | Token: >= | Op: eROR,
0,3.000000,Dead,

0,1, //Line: 465 | Token: <= | Op: eROR,
0,3.000000,Dead,

0,1, //Line: 465 | Token: == | Op: eROR,
0,3.000000,Dead,

0,1, //Line: 465 | Token: != | Op: eROR,
0,4.000000,Dead,

0,1, //Line: 466 | Token: - | Op: eAOIu,
0,2.000000,Dead,

0,1, //Line: 466 | Token: - | Op: eAOIu,
0,2.000000,Dead,

0,1, //Line: 466 | Token: ~ | Op: eLOI,
0,2.000000,Dead,

0,1, //Line: 466 | Token: ~ | Op: eLOI,
0,4.000000,Dead,

0,1, //Line: 466 | Token: >= | Op: eROR,
0,3.000000,Dead,

0,1, //Line: 466 | Token: < | Op: eROR,
0,6.000000,Dead,

0,1, //Line: 466 | Token: <= | Op: eROR,
0,7.000000,Dead,

0,1, //Line: 466 | Token: == | Op: eROR,
0,8.000000,Dead,

0,1, //Line: 466 | Token: != | Op: eROR,
0,3.000000,Dead,

0,1, //Line: 468 | Token: ! | Op: eCOI,
0,2.000000,Dead,

0,1, //Line: 468 | Token: ! | Op: eCOI,
0,4.000000,Dead,

0,1, //Line: 468 | Token: || | Op: eCOR,
0,2.000000,Dead,

0,1, //Line: 468 | Token: & | Op: eCOR,
0,3.000000,Dead,

0,1, //Line: 468 | Token: | | Op: eCOR,
0,2.000000,Dead,

0,1, //Line: 467 | Token: - | Op: eAOIu,
0,3.000000,Dead,

0,1, //Line: 467 | Token: - | Op: eAOIu,
0,3.000000,Dead,

0,1, //Line: 467 | Token: ~ | Op: eLOI,
0,2.000000,Dead,

0,1, //Line: 467 | Token: ~ | Op: eLOI,
0,3.000000,Dead,

0,1, //Line: 467 | Token: > | Op: eROR,
0,4.000000,Dead,

0,1, //Line: 467 | Token: >= | Op: eROR,
0,3.000000,Dead,

0,1, //Line: 467 | Token: <= | Op: eROR,
0,3.000000,Dead,

0,1, //Line: 467 | Token: == | Op: eROR,
0,3.000000,Dead,

0,1, //Line: 467 | Token: != | Op: eROR,
0,3.000000,Dead,

0,1, //Line: 468 | Token: - | Op: eAOIu,
0,2.000000,Dead,

0,1, //Line: 468 | Token: - | Op: eAOIu,
0,5.000000,Dead,

0,1, //Line: 468 | Token: ~ | Op: eLOI,
0,2.000000,Dead,

0,1, //Line: 468 | Token: ~ | Op: eLOI,
0,3.000000,Dead,

0,1, //Line: 468 | Token: >= | Op: eROR,
0,3.000000,Dead,

0,1, //Line: 468 | Token: < | Op: eROR,
0,2.000000,Dead,

0,1, //Line: 468 | Token: <= | Op: eROR,
0,3.000000,Dead,

0,1, //Line: 468 | Token: == | Op: eROR,
0,3.000000,Dead,

0,1, //Line: 468 | Token: != | Op: eROR,
0,4.000000,Dead,

0,1, //Line: 486 | Token: - | Op: eAOIu,
0,3.000000,Dead,

0,1, //Line: 486 | Token: - | Op: eAOIu,
0,3.000000,Dead,

0,1, //Line: 486 | Token: ~ | Op: eLOI,
0,3.000000,Dead,

0,1, //Line: 486 | Token: ~ | Op: eLOI,
0,3.000000,Dead,

0,1, //Line: 486 | Token: * | Op: eAORb,
0,3.000000,Dead,

0,1, //Line: 486 | Token: - | Op: eAORb,
0,3.000000,Dead,

0,1, //Line: 486 | Token: / | Op: eAORb,
0,3.000000,Dead,

